#id,value1,value2
4066064,0.5974296354399727,-0.09531001734332888
427324,0.3392540159243987,-0.328191797795984
6056034,-1.5321897751218447,-0.591736755972059
132812,0.50084161669948,-1.295182465563523
658958,-0.5727358964236008,-0.7273586668426192
3856236,0.5490217867337697,1.6180247614136647
6864753,-1.996500873004416,-0.0452329781971796
8068358,2.833438162224903,1.2075856683390176
3555586,-0.2913656736671797,-0.33851001886787296
1143955,0.07880352659656345,-2.752302188775877
6045638,-0.05671367253033754,0.7689946598840453
429121,0.5143713180168105,-0.12934611338733248
3245286,0.0018543118347754638,0.5354598860584802
1828265,-0.02315487621318332,-0.665540352917658
5190268,0.16167820520396042,-1.8597909185165662
5702958,-0.3664344068065699,-0.39311286488127195
2194617,-0.8155001198380404,-1.6116663348012197
200039,-0.34973379902294127,-0.5265368446457392
525448,-0.286833576940544,-1.1588654165886276
2091414,1.2516973412965888,-1.3843749550503401
919125,-0.0006498680043246273,0.727128382116031
8309816,0.23529687483123465,0.4415799127272851
5531383,1.1490004218777137,-0.7102488891795975
979949,-2.3940667428523175,-0.23382846967498092
4536460,-2.4539137758112943,-0.5490868117829514
7231514,-1.672102428009802,-0.09729148337026619
1072309,-1.5740176800407737,0.4207595375700364
3453928,0.19931088803115313,0.38882652630113634
3425623,-0.9902844034887294,-0.09321392373066142
4514317,0.04989953824847108,1.0093538222535354
3147668,1.0584102520540066,1.7201141211462874
5225755,-0.876746708300858,-1.9336707824154404
6536707,0.3706985019084079,0.8523549215006085
6894801,1.2178556634233513,-0.30891145558741534
4382283,-3.7947542893901303,1.1304027684826707
7195,0.33036691253033845,1.3048282733655943
915105,1.4627933683690995,-0.835136913946481
6844008,0.1809555595226307,0.4935255562346771
5864136,0.029822364547977424,-0.7274128282671269
8022946,-0.5193171478279601,-1.5080446275666266
9778400,-0.3872623422757059,-1.9993385431953785
3407444,-0.8159882167557742,0.7084644669774393
4727907,1.1956067836325517,1.932645862043621
8542449,-0.6608827980084067,0.9991473573084146
7331946,-0.7556732671219077,-1.7978778061393381
4424501,0.9943938338955215,0.8556701983434507
7104996,-0.06585121824618499,1.3995572603511766
5944845,0.8250492884975718,0.3574951551692445
2765585,-0.19566598836212062,1.1837280916411077
2506684,-1.1811637992170558,0.9996854761409272
3342449,-1.0146514099843023,0.2560032024715207
3249753,0.4016038717061035,-0.23389470320473976
429841,0.3853759912811227,0.9027164611082956
3758087,1.4186244887329809,0.7553784585493681
6914012,-1.296144728773228,-0.3993712454828668
6959999,-0.1030386658755907,-0.5769213198867466
8545678,-0.3968894857770968,-0.9663596290682802
8268581,-0.45832037627740885,0.3878038805841312
3952859,-1.041498493557325,-0.41718630295529013
691237,0.8048426134135422,-1.5171800898427534
1864643,-0.411591068893439,1.2049119118857758
2590150,0.2916763150557411,-1.266146923350218
4746782,-1.4899306990428152,-0.7145218280220461
5133738,-0.30167983711273594,-0.2321534012729711
3491343,0.14295123389183512,2.038378442610119
5646360,-0.04179532165209422,-0.17989463536528075
3250257,0.295904525019355,-0.057602397946496256
8844855,-0.17745195184098375,-1.85208119398903
3130946,-0.13714194271899346,0.580536753640279
2605671,-0.9645645680120364,-0.4213542464739258
1624348,-0.2834685234578953,-1.9877070564879524
2912165,0.7110537635515246,-1.315631575285959
455425,-0.08129543455778192,0.12576253436289095
2544400,-1.2093226008487516,-0.5025943075160783
7864907,-1.26253096719847,1.5469200789086113
7275394,-0.1175570505495465,-0.8622127585974768
706531,0.021264439449028227,1.7052694241510127
5533314,0.0460047699672111,-1.5683885676218001
8282324,0.3966215263614651,0.3286543055602421
7043080,-0.36934574190098574,-0.2302906066365719
1933674,1.2340599828526009,1.7919339953552773
5103589,0.9431187161404944,-0.22285093200481415
5927784,-0.6478464553546402,-0.43121387751993767
6301164,0.24715964457956932,-0.4906919344156965
8939971,0.05072258310981009,-0.0035246458025471375
9460884,-0.30909891709586246,0.4160393044773875
1620607,1.3087903515305115,0.21453704432451975
4124433,-0.69366356475923,-1.4464778404281766
2400554,-2.070577710847347,0.9453864146201103
7030433,0.4380382423735891,0.35924767694275717
5683082,1.2682453066989752,1.8227223714587462
9016826,-1.1214553330022403,-1.0453283523621733
4112583,0.4153104231924171,0.19517494614280015
9655739,0.803628096406106,-0.33546568991791065
8578869,-0.2702842997519793,-0.48863263800585655
162727,0.2406634973989191,-0.6609856909828092
4285279,1.2836856403648258,0.17653049100738133
8296224,0.06476516337334448,0.8387461516901926
3522032,1.0846270303277836,3.0025775338229685
7792066,0.09078789830131094,-0.40395519655386547
7782664,-0.9219596887791174,-0.7484450954970492
1906412,0.6799875001254132,1.647923404641753
453750,-1.136335714019976,-0.3370927963839562
1565455,1.5944332722060417,1.1549618201592928
5460144,-0.44017470098742384,-0.6249917385522467
9503177,-0.3463061650597044,0.6105039068673384
1270151,-1.4351692384359989,1.3841932004978956
4983765,-0.06029931378256204,0.4741794828606981
1401133,0.20892404118588864,0.3938574720453292
4272671,1.1688182961837519,0.5047200984309381
2938921,0.6158257679370994,1.0327107635583712
4676395,0.7507795234122893,-1.7359685411472812
2141619,1.0244897722461563,-0.5583253403051877
6805410,1.333124230661984,-0.10281169032993413
3087508,1.1374719062401353,0.8621395203108743
3895161,-0.7733208068329496,-2.6287219839126466
2368212,0.4130590845488122,0.6651445284404927
692411,0.061082013537109105,0.7534420397199216
5829428,-0.7304179627027904,0.796489636051751
796502,-0.21925381949768888,-0.0555964201522227
7580305,-0.9206593982605072,2.5059312904511932
2521090,1.0767886679395264,-0.12837500980193883
4865734,-0.4414102526753454,0.9792818693191534
7290483,0.11436001795081266,0.18767612937815822
8034223,-0.37463147932583646,-0.17351753586749905
3987485,0.3058237515383764,0.0026611786106233337
3597764,1.6809379053191345,0.5688340168787038
8102108,-0.6364067121425947,0.749630012907024
6487726,-1.1824866558448819,0.6883570897845493
9850645,-1.2112174795604214,-1.3901165282370622
6549288,0.1637253002443345,-0.8461237055154214
18510,0.43625127003583786,0.6300432236797376
3071783,-0.06839728447852875,-1.5092471880260585
4025009,0.12572917578041726,0.3969189769622469
9586163,-0.04104835767742119,1.3414786313887883
4927910,0.23849330318943882,0.38989001214660746
2439048,-0.5900158517541388,0.834580248170541
9406284,-0.10008785996329758,1.694745148936126
4290364,0.40131648563127315,1.6877037775478407
1447570,0.7347697558359736,-1.0565380398630053
4641805,-1.0837452974367543,2.047525941278021
6297309,0.31933158050552113,-0.8694571804346394
9561138,1.0186379468256623,0.5886553217777369
9093474,0.39879259261934136,-0.2408435706371082
8123045,0.5933240997330156,-0.20442267621510715
5522378,-1.5271199863758602,0.6453114776488259
425630,0.6132613953009135,0.2777927977049887
4259012,1.137415758336733,-0.20200382694377556
4986436,-1.5114577692876296,-0.3463886501780918
7838607,0.6014940580061687,-1.0104520297760953
8131460,0.4289344058403453,-0.5915699515130864
3324226,0.9724773811578967,-0.2580619738920341
820025,-0.9891557466313536,0.462163960304105
7634172,-1.128579399055092,-0.23874476490912236
2247441,0.4067759145442392,0.20758903400613932
5345233,0.3591242330172258,-0.7178290431685693
534342,-0.5162163624239492,1.672802051087753
2471120,0.07187417409230831,0.1801168939334382
2121786,1.1451121985741146,0.4411820267565604
2691045,1.1926620728115425,-0.5138028313405786
9368049,0.4975825244841349,-0.3184287719931432
3910716,-0.7940681256410347,0.8308683775829789
4471067,1.0543248698030165,-0.5346599362906573
9999063,-0.31338915241986304,-1.4455002671869215
4178588,-0.8343090787154334,1.1017411350098938
1097445,-2.0493156345638117,0.5742104785935253
880844,0.6319165418941982,1.9450193394292519
5381449,-0.09059578066638767,0.22485403612546132
7981938,0.6986236221665862,0.4464625981946862
791004,1.283533429210488,0.4822680899284338
8619865,-0.31599532385271506,0.5232981814565342
9328272,1.2290775542615882,-0.4539967277994195
3843587,0.11989233672599295,0.943767050947309
2511248,-0.6779315006683836,1.373619946489374
1073532,1.2464895471105446,1.223137427291348
9495496,1.7224017894645045,-0.19714367598629656
9646852,-1.7926870790531737,-0.22031535597184362
2936858,0.15871816415316461,-0.2691165280904101
5412100,-1.8845639082233885,0.6077796875832313
4861629,1.1652901119980053,0.8401635095420967
4617507,-1.34100572705015,0.0010145975240532638
7084302,0.10935835169704733,0.2082997763240636
4236826,1.8390961269118629,2.212982348407739
1553307,0.2826199432134594,0.5110488674898991
2861098,0.7647613178065666,0.5945640234728561
2262389,0.12938088597575417,1.5889431601849249
7482492,0.14790554695166055,1.5560903113670894
9885215,0.12854131396236534,-2.3768677608796565
5080982,-1.3853981086136096,-0.37770592247296497
5994690,0.43564656447413563,-1.4855638392961095
5390420,0.9416625835878341,-0.08873017656153676
1216334,-0.6107562967572233,0.651657032491492
393877,-0.5348362429334566,-0.4842898049663402
233989,1.7166769716451564,-0.8943281495249799
6691844,1.2169388016811822,-0.5913661701039837
1061940,-0.7715823396131112,-0.6840338490756187
3588350,-0.22773744545325034,0.6163518585521193
6586791,-0.32091665023042587,-0.5773301313203713
827767,0.9327209133323043,1.4850646194453738
610701,1.0855165134772093,-1.6032337135780101
4761551,-1.0333500268874436,-0.6013325388319822
4695807,0.11440855581136287,-0.927992972482665
4565286,-2.9457661424659296,0.21585417774843701
6814276,-1.7991124437140964,0.439441850703268
9455238,-1.4549252858130695,-2.281945403602087
9734219,-0.24234567445337524,0.7773543734615727
2596770,-1.2410608769501932,-0.7247758758717237
8770700,1.9284280205968762,-0.7579494964952386
2095732,-0.44760406577909984,-0.07786245974834849
4275755,0.27213955564727543,1.569218869654864
9245562,0.8452722370249733,0.8088119806383375
1283352,0.7277708000779095,-1.0959756041511632
275506,1.0409871270764834,-0.06274049738520249
5912521,-0.4331458272553289,-0.5818514097617667
2859698,-0.10546364059459176,-1.1739981155970824
1912715,-0.8096723889902447,-1.6864810116079345
6988368,0.7819244027534165,-0.41604325091821565
3248849,-1.2601313087655093,-0.6618141597438979
2953985,-0.5108821856064888,-0.054346586216697274
2117418,0.6207190753102727,-0.042257841906996614
9667356,0.4995733737645035,1.5444776205289026
8997298,-0.3937400401920886,-1.8050338666843477
6591485,1.036227315282349,0.21878049012515366
2951042,-0.9747123944955561,-0.0846160222166209
1801777,0.13405721352185285,0.577799645610801
6404993,0.9609006938979175,-1.6936478538020219
9206979,-1.7203842865760621,-0.05363682377470247
4001153,0.01102377732928632,0.5136418116607488
8522057,0.5451692142096769,0.5641845237753556
1431387,-0.8305925857200911,0.41769187381289347
3921090,0.6272893407188405,0.46083132463599047
3749002,0.7290149541426788,0.9264726731325214
846086,-0.7060826268698932,-1.7177328653560164
6007278,0.7152887012860866,-0.4085921030645723
5128449,0.2412541028560988,-1.273121971253283
1213548,-0.7091021611094291,0.5283594357125689
7090101,-0.005675821751172138,0.4209845357703859
7541031,-0.5814048796549136,1.5848565989747654
1029655,-1.2068167227369644,-0.46522190892098897
5971229,1.1425272393387025,0.45359632484890955
6764146,0.22067165150373036,-0.5529406181213576
6521139,0.21199635057369182,1.4967740863011856
2817515,0.4452506340580997,-0.1478744353409808
4774001,-0.8142355078340666,-0.632704143864351
9049066,-0.16306852207357703,-0.5931601951872616
4465389,0.22438166627872927,0.11705855223441505
4918957,0.887153476327696,0.16648014841888306
8202091,1.0561366413902078,-0.01212187934160762
6889139,0.3061124273361311,-0.9967101438211988
9249668,0.07123659668405534,0.39322273081168685
8072087,0.6869720372908681,0.8299360416803719
4480931,1.59418055347805,0.23985970258498293
2597783,0.5148316811171963,-0.5863138241808755
4055837,0.20156177601271952,0.4952515003826207
8753982,-0.61991128897003,-1.943886444206945
7920643,1.719741505156854,0.4007006406037047
9511849,0.29830845793132804,0.17792238232214444
6866232,-0.24029300780415885,-0.06223962559876245
4748937,-0.7651901732929913,-1.4727393367587809
32294,-1.0322336141965611,0.5037636122107961
7658951,0.3851752498148966,0.009119597674974791
7800779,0.14264235244523407,-1.2949880068057262
7400724,-1.973065257102238,0.07947959816077398
1749055,0.5055405541934451,-1.6391104167094912
6614401,-0.24230362900185914,1.4102287030954321
2680629,-1.4578814952258596,-1.855468360247411
6643632,-0.5606985515074602,1.4203273111627526
2605640,0.7324217170185812,0.35117723201827783
8677528,0.23724620928716525,0.4961028954560642
2799955,-1.2539384618479397,-0.22098462573157543
6731312,0.02501252749229141,-0.23581859497768018
6088058,0.9989150580939501,1.162839591784193
3659802,2.25405278679356,0.279341242878725
6088777,0.4042904465855126,1.9553407576710993
4521298,1.2758072212414902,-0.29653958108263456
7336293,0.579003972578958,-0.1721741361583039
7058806,0.6761326685849279,1.2071615245132092
542733,0.28640664323003506,-0.5341561996946087
2187209,2.326688897852513,1.9851707242396486
9910365,0.36519660201852955,-2.6733144397041007
4918272,-0.4282996798469546,-0.5648412473379819
8091718,-0.6738566240827235,0.1186749583041466
3072366,0.3208873778308929,0.705216910285329
4319456,1.3977315819252958,0.05714330315958762
2408460,-0.5982282416588746,-0.7803712211803665
8390372,0.4043600615379093,0.4361450959927381
8790335,-1.5641962002189909,-2.3913790029738204
9326623,-0.9015366196648914,0.4789720748316739
1418616,-1.4415315561438111,-0.4391389229136042
9602590,-1.0722959894360808,1.4970295091586592
6887753,1.799558133532632,-0.21516285184304623
8836857,1.2236365133058544,0.7023458802208464
994479,-0.20929734952169796,-0.9141461174989328
5129089,-1.3537718198803361,0.46676684299291926
7730089,2.1093389386308186,-0.30243644198099956
8732965,1.2977055065937355,-1.8436086947282209
5764683,1.2266722733513091,-0.8645044047965719
2118801,2.4948781826144057,0.9768142745590058
8716389,0.07729275224663469,1.0220942487322795
8635986,-1.6924318461436019,0.023175102651436564
4203475,-1.2290936025276142,-0.8925086009436018
7320773,-0.7552848895494754,-1.0081410251939518
2778421,-0.3653456633702747,-0.24676906469755847
306280,-0.004602423763776317,-0.38189479649516705
1712306,-0.20358867414191356,-0.07933487936071143
253336,0.775964873017079,0.09726646872407094
9530025,-0.07944078799795662,0.05811146354190822
8427767,-0.4400433812178142,1.2542845053646803
5557830,-0.21439061239328785,0.5090800091481816
4341325,-1.7766789003249657,-0.2757921191845286
199447,1.2682792232883473,1.1002494501322833
9127767,-0.47896066339852983,0.5340268951953318
8212171,-0.5238591412737588,1.613012457186944
9266560,1.270899381010516,0.8288951695971913
4261091,0.4570494323743992,0.2842779036721319
7570335,0.5165373189293017,0.5190333578106786
353166,0.5607034544437354,-0.21324430901969216
3940943,0.9674524210550562,1.691000306313599
3477421,0.6579617998544038,0.04104304993852915
8664115,-2.602443149058076,-1.0639391395451068
7060328,-0.36379816041862356,-0.15867390446808916
6143919,0.21584032651875584,0.11710309076257482
2314752,0.6545625925187626,-0.11786346256921047
9156083,0.8211036663622774,-0.39429320026304
1592487,0.26986455251047936,0.5261286466399171
4814863,1.239550848253806,-0.8088962728414467
6505531,2.4965403266754715,-1.0923587473685918
6865214,1.5833395278956837,1.208341418790328
9324901,-0.5821669799189857,-0.6446756087319993
2485319,-1.048269869366228,-1.0156715752180145
7864252,0.9171926050396775,0.7319681441121529
8313250,0.9508465625561112,-0.3378405937434205
8237269,-1.4555690231473564,0.41587382938033945
69574,-0.03636025540968872,-0.9432938030962698
8309447,0.40198943932677916,0.31823813384103156
6086444,0.6376573841913757,-1.0970294295842296
1879188,0.06479730481922574,-1.2363382149718387
9369043,1.4713019846417246,-1.5598439189533937
7296677,2.3437744413684767,-0.58930305986322
5517324,-0.4099511790377781,0.056791484799354384
3806576,0.9993549011892786,-0.40786307930945914
3131971,-0.8802488575093581,0.5223712066574699
3613698,1.5213820184109688,0.42303914830377337
5553124,0.6242808436109936,0.7296621827858357
3665573,0.1826359630246952,-1.2439712588233678
7105746,-1.6470140606358281,1.1567629843210205
2420671,0.09140797241333916,0.5753028183205048
3521549,1.429668225342154,0.05346331132733761
3556189,0.1525265174609257,0.5779888778477799
610482,-1.4549161467543645,-0.038836222163686575
8181990,0.7066828794917674,-0.9034076302574036
2952912,-0.47302800032875214,-0.6788155134272919
8949093,1.2718183310410272,-1.756338118056583
9488734,1.0571113427890382,-0.543385968199999
3435252,-0.1167840346662455,-0.5160309801790015
7057834,-0.9665853984193536,0.7646531437286787
8153846,-0.7485576020203303,-2.510550377025719
6582175,-0.017892987663558884,-0.41093773800698036
7914960,0.2759134892474092,0.5415873367795362
5769600,-1.5488372824325922,0.20680605332786084
2319471,0.7046232995518411,-1.1005329931887464
9783929,1.2409422922908089,1.5543242949823932
1880996,-0.014996681955743347,-0.7898981986026241
2292010,0.2626924536288434,-2.50727523288088
9268977,1.0142327552572004,0.7789644943013644
8736699,0.34108056201455567,-0.9643609729165661
5381230,0.5352443470053954,0.2903110285505566
3262834,-0.14577664809406096,-0.22268778750882162
9905837,0.1342927338032108,0.16655460877056918
8873695,-1.8932164641538385,-0.3854667035834882
2265029,0.2971718303186936,-0.139118584530014
9320533,-0.506283499294471,0.3305178418945085
338350,0.536137605349282,0.6822782943826735
709639,0.19167292634176333,0.1109787359636307
2149566,0.2421474444616784,1.3591913036762786
2550429,-0.5794829639849733,0.49392994050871186
9643030,0.9034444830854406,-0.23505617002236187
5204185,-1.2776056943442267,-0.3535057504604488
8111922,-0.6760442983953245,-0.3534627659794015
4042717,-0.8356655259387631,-0.2775736926657422
4408429,1.9618464560374154,0.984070879203342
5584771,0.25439936132296304,2.1037192243171323
4342404,-1.0967925658118851,-0.15192583187217232
6553384,-0.3425575782451873,0.38487241172912123
1467574,0.3320767934457341,-1.996867504768257
6201870,-0.582285410446441,0.16167880573126686
4574883,0.503219762353777,-1.3952587082193444
7753639,0.4209401861047778,0.7592131967284048
8122451,1.0694321251842231,-1.257132342715842
6528045,-0.18733029308019752,0.5066593727548477
8205145,-0.9494608114572433,1.1325159122963984
4057511,0.40890523698426584,-0.5991351883321172
1036179,0.24015166881042654,0.3937639588262171
7342640,0.07235909581106932,-0.8176617594480021
4716214,1.211068463582227,0.15864163767905956
7079168,1.214917578920424,0.2143555431927818
5954955,-0.40171221479646413,1.1319317106862958
8036706,-0.42384571480153466,0.6890896488836055
7361364,1.1374140933087293,-0.7916851059002302
6543353,-0.24293436638316185,0.0465078095482564
9328261,-1.31309592847681,1.7714426955524514
4321211,1.4566446337878565,1.4974515150839462
7693489,2.114983450211038,0.2588542439318078
3319824,-0.18725123307151698,-0.1979957741284412
5589567,-0.4079296595015639,-1.9440137182590986
1472370,-0.46176492926140666,0.6591235784841833
5735455,-0.6860751632309754,-1.8736173158095173
4463104,1.8209677912166016,-0.27660434777429865
1645570,0.3923752037785446,0.16913055586531917
353967,-0.875618236813273,-0.1893876210535457
5709476,-0.7832703056289106,0.3071104960149704
7209437,0.2775694691983887,-0.26337020016054663
8007767,0.8052232828293562,-1.0669348679706685
8529925,0.6477760240747248,-0.29011547019754524
5019758,0.265660141118419,0.3112583824068661
3593933,-0.42087807353131323,0.4936509519195553
4638206,0.22439499761559611,0.9985692577705843
7076096,-0.23287250801510717,-0.44015423286092825
1430231,-1.0775244254859473,1.343951525329701
1125807,1.7006677249581446,-0.9684814994920034
1069204,-0.5463947989687243,1.5419056085560998
7478156,-0.13193560210405475,0.11953323794832495
2027898,-1.2404836076824042,-0.38613733680947315
2279420,0.6933675170487178,0.6807910504689902
9267211,-0.3610587839056292,-0.2168091289917824
7519341,-0.3923125153920696,0.8952871026506228
9827649,1.5173955025990185,-1.231667946733177
5697433,0.5783404642926206,-0.3681642926027209
6674326,-0.3186556578608671,-1.0648950673886701
446643,-0.6139026770187064,-0.05808361897454044
3791427,1.15977319473816,1.0905417041731382
5194093,0.5902779839954668,-1.5088546626132082
4676406,0.7551023179541386,0.3717763715533983
8179472,-0.36083605378264033,-0.8022038223687119
4278954,1.190585923982358,-0.5263771857982111
8516280,0.10797230913151092,-2.6626295017935324
2126061,0.48152980305718834,-0.4155185955700942
1616741,0.27596799343690337,0.1723416528674526
7533217,-0.8494485691633524,1.7871005484083113
2871108,1.3457603581846584,-0.050636457007319
1810986,1.1835258660129757,1.1653832137170306
1184936,-0.173120116535871,-0.4585558336184976
3271727,-1.1220428293789249,0.12414871987276754
3462575,-1.0893162946286237,-1.3158879613688745
6807510,-0.42507873261816964,-0.8528391336537705
1237241,0.8883041007936514,0.969848238475966
7140049,-1.5752484021157902,-1.456456171064275
5507992,-1.3726906723652081,0.12285266244134647
1879277,0.880331049211049,0.46114769713849885
5711443,-0.06092122714543923,0.19621554534934918
6490275,0.8697401645446019,1.417851833247647
6490631,0.35999777028273305,-0.730594936570797
4053134,-0.6334618697880559,1.4216474746660328
3261652,-0.10102266514547258,-1.7553612884274397
5021793,0.6975314586264281,0.2861213963504558
9614221,-0.7514853434809806,-0.41785501295850963
8809320,0.29741060390231133,-0.22191693780532207
7798696,0.7948027926430107,0.610001118141315
6243049,-1.8488194167714092,-0.6401786481086166
2349848,-0.2228228682949219,0.43109359792397434
1203979,0.2187900099179915,0.5034081850679727
5186617,-0.9779446145804582,-1.077362738627668
119841,-0.10704430556234047,0.5249789717189206
86012,-1.7908695183088774,1.7848131094865456
1998288,1.2417771289309774,-0.4750580771785521
1491027,-0.04151183621506279,0.1378592191723106
6283038,-0.26909374794250596,-0.1161673131643821
321108,0.2636555739091813,-2.283041778604747
3502223,-0.3164753571461512,-1.1399921621782965
7286850,-1.174811584068457,0.5663857897812361
7740685,-0.15451745481012347,0.992742078196348
6960810,1.6379513968047985,0.19959886083112108
9422076,-1.2737670313833815,1.4480987899013775
2759585,0.04429567603686148,0.20581600194898328
263775,0.9468382688660121,0.32312845618266106
1006642,1.0289647307543512,1.5732298365654835
2069222,1.8624826750154038,-2.087377172741339
1065677,-0.951992507191161,-1.1632624484157863
9620537,0.5230875912218141,0.8617594170731704
1244249,1.4801437454464703,0.31975785250260486
8151354,-2.1993022551490644,-0.13612676063484347
7282432,1.5310538317878901,1.6693728077975065
521351,0.8686406172006059,-0.5614801291442996
79635,-0.1480418289997026,-1.040812580358404
5573486,1.1264256950609999,-2.0143219649105144
4907927,-0.11729572156696524,-1.7183935613633237
2476974,1.1141182394359384,-1.2596677877393028
6700052,-0.9207373453649232,2.0339481386053806
2189326,-0.756262411926833,0.7819562058270153
9392971,-0.8257124084657831,-0.4059961037097576
5278887,-0.6562329371501833,-0.3449961120766311
725191,0.7973230678706105,-0.520044174945209
5907837,0.3944312297164079,0.11656173207626931
2518430,-1.1421362802252097,-0.7379453587591744
1078178,0.2119294658001494,-0.2905992707524131
7930588,0.05968205688833711,-0.48152266852016945
2045665,0.022183022704266146,-0.594786500581699
914690,-0.5158896690726215,0.6669826043087256
9959522,1.5225746992375564,-0.5800313160495258
575926,1.5610620637723656,1.1851728564456754
117576,-0.9909055153822568,-0.6931367095127813
2090075,-1.314401050911045,0.575865389719567
9103336,0.23217366894532637,0.5927116104889913
8744281,0.2532325283466949,1.0583674658187658
1252029,0.3468819084480839,-0.09185914570482402
5472861,0.06504127837192691,1.0201331016986595
4189234,0.5203151354542269,0.6973978239548688
5525277,-0.49982913485351804,-1.347463006348887
6204098,1.034217304751447,-0.5775993226979554
2425839,1.2057923468027305,-0.09939502955151387
5037326,2.024932664634238,1.501370695266346
6473529,1.0188797667647376,-1.7136013186878396
1165208,0.281746370971871,-0.15814223463173543
2239574,0.11039575441706363,0.40478912103480746
9046049,-0.33012773811438567,-0.10268085552424246
3880459,-1.2385541893848928,0.07488638993103797
5037864,-0.06777360872373837,-0.33688159008198276
6221483,-1.5190621652217255,-0.6347530429364264
1970852,-0.6937596158943514,-0.7598202575293388
3913543,0.05801608924057076,0.9549708594111324
8133137,-1.228461624843236,0.125680775517151
8089665,-1.09886823948692,0.23818521524967334
5537037,0.6018096531175523,0.17802278547098635
7982316,2.1632585134870035,0.09342031314618246
6843980,0.06273328116948775,-0.19782437468571049
7805037,-0.09471252167239701,0.4136689524790847
9149985,0.7397367595701679,-0.2828985061005706
1435941,0.0474335542304608,0.16201849465229481
7393899,-1.8798079926045501,0.433664880848677
4600012,2.443785040246416,-1.441015703690436
4066673,1.5383657628973508,0.4425394576514292
766512,-0.14757680051235364,0.09015354563280577
3581996,0.119504877169858,0.48079309763224654
4614752,1.24194519198887,0.778894502941005
4894000,-0.32447544692324,0.8526873066171884
6451782,2.304949570147459,-0.5188992916903321
6598799,1.192782115275049,0.1309448565915589
1549731,-0.14072109813052017,1.5374954606268416
3125571,0.29356678836732414,0.5115976424998898
5259269,-0.9398644845448282,0.33114358883901845
7896458,0.5800595872771365,-1.806507981248619
9927109,1.0027365339137178,1.2520728676701556
4066300,0.314914003142178,-0.08741415617890345
8212664,-0.03630866632131771,-0.06349274374486001
3595712,0.24042821186795402,0.05328958063444317
9412094,-0.161549455639618,-0.08744547869122889
3423811,-1.1362517382328245,-0.19999670806383518
4328243,-1.0943419978873683,-0.12718295124389498
7724913,-1.7798417084931613,1.1865743875388943
4687921,-0.42930432682879555,0.5874470926003983
3736087,0.4081475729593346,-0.1457071853734357
236008,-0.3221333981897549,0.06462303094042357
5697762,0.04778259692980009,1.4061758292414377
5693220,-0.721174825143423,-0.3105932443300042
2911313,1.2468015150575182,2.170023761205829
4398551,-0.7370723331688064,0.9736945116448077
324024,-0.15816528229390064,0.23803163184867615
3422125,1.1240583757723908,0.43181923623506496
6686194,-0.9715328481482216,-1.0437543622467047
6037879,1.4407770345825996,0.3890865840799526
9461316,-1.5744423020172666,1.923232252749572
9772109,0.1370432940862155,-0.23500104608612438
1162976,-0.13543026591751017,-0.9935427407003018
7142844,-0.42680468278376316,0.3321655886665311
273554,0.11240585165682006,-1.7349398906291484
2020068,-0.6563979746783845,-0.8483073560676077
9501896,0.2644718086104908,-2.1815221947319596
7660273,0.03664087893225423,0.49019823442952826
1210960,1.005322494351082,-0.3606603892656363
8161580,-1.0101432527468501,0.05533445711684478
2317079,0.28854029689297467,0.32531971709481644
4774205,0.2220009603345246,0.6188974906398266
1502153,0.20516274895206452,-0.20155557599833682
9417065,0.9909164651196635,0.17531108097803014
4447870,0.2756087561067893,0.2521972956023683
3146844,1.9253174513868656,0.735468074178772
6464635,-0.5234991035110368,-0.1339631835647241
1040131,-0.35475117872247486,0.4424072920056785
1831165,0.644751725113353,-0.7447671988544935
953156,0.08152093575258741,-0.9826503169047428
3520526,1.7291640255831457,-0.2076906939856397
1510136,-0.9164305114068646,1.7052688481483174
2818782,-0.5054587918373998,1.0657263784598439
3797986,0.8467908094149128,0.07549080546020423
2651381,-1.7560754191015882,-0.2047333576164645
8157256,1.5708548163354932,0.283607946338062
9847770,-0.34664087094027685,-0.5304459203722964
9103768,-0.858111349207903,-0.47997233353020885
3853391,-0.46304611863427336,0.1050587881123022
3551993,0.1914276802361871,1.6876371792733937
9892575,-0.5850764374136278,1.472089445769686
7341701,0.7840592704560171,1.2897007839050518
3200550,-0.30779403843725195,0.8798225640238386
1697995,1.2489865707150016,1.176810257752546
7866452,0.8579720677105296,-0.44651776854763403
7117719,0.33453961003777694,-0.19325754686458602
7516950,1.357389320218648,0.7202771187443909
5486621,-0.018508211883631033,0.4121730629203569
8070110,-1.0474795221640902,-1.1532230363171814
3592009,-0.6241598699796004,1.1863429725636736
3536022,-2.753032627884227,1.1036473656908399
9629838,0.5327844666252013,0.4349963105052008
1445677,-1.6511211334019746,-0.7753192400276026
372754,0.29185495507151965,0.5339541597603665
9459372,2.042610395164526,0.3747278736114547
5009322,-2.3734059809211456,1.0081891212752394
549789,0.7829540973293379,1.3205651146530586
3176933,-0.7854803941488803,-0.48618119938736326
1039325,2.1319649085121237,-0.3490164576013025
299961,-0.48656313860398476,-0.268854563168206
1528695,-0.07037038805365844,-0.20827505618117734
2797968,1.5006569240257461,0.15920717628692233
1154583,-1.0351236936331736,-0.1752775600404383
2735019,-0.145058199185106,1.5121621087816732
8658083,0.6973219639803271,-0.4865569749896503
1483378,-1.5491263174672056,0.1607814830005815
5218335,0.530624341716457,1.8878113306171642
989573,0.8823260682622655,-1.8094456728476216
5368686,0.09979769011709701,-0.20096394753747546
9304243,-0.4993610188414493,0.5214232805078952
6176311,-0.7712847487883866,1.251101303332753
4320241,-0.724473442128167,-0.012456276746307253
7285327,-0.2160392910781538,0.10220085548021092
2970456,-0.2271450344295522,-0.1666065400764892
7619658,-0.33362606021841307,0.05006558674872149
9493769,0.05194889074340889,0.7895392177477434
4821552,1.2732285158382235,-0.7153755575139734
3043436,0.43399671545571644,0.019956345787840026
7704062,1.2287618748018867,0.1147296895878409
9466215,-0.8770027720370658,-0.775033968896059
9985137,1.1318123506581956,-0.9605650817484507
5273479,-0.9830199870845109,0.3252290025134181
2007912,1.4486529146608167,0.6346821815813287
4260980,0.5617804929246416,0.5951040580366427
8013438,-1.3781541958275374,-1.063335349752676
3051646,0.5590269902780518,-1.4454516742056578
3955792,0.5466052529428442,0.9297620388817075
6615469,-0.4035141789938878,0.6022621902605999
1358406,-1.1094403067127094,-1.0570724047935285
6611218,0.44888297274225003,2.113549717329079
7852035,-0.6508989330263859,-1.3952242868737421
5146873,1.5757992352237493,1.63460663605375
5962372,-0.6682537968531567,-2.4975000840012727
8400727,-1.3761763829697418,-0.0942867622508355
6478350,-0.460306285792653,0.6310894332113055
9224988,-0.04381532327712211,1.4339531244746104
5003541,-0.013495639674126071,-0.010978788134842928
1542655,1.0619775628785069,0.8489350100944152
2144588,-0.4088654725300156,0.4037898804749627
9531654,0.4059745608216782,0.16797695282726663
1236506,-0.5774453934261233,-0.23233834231833872
2908476,-2.321633318115662,-0.8482329761875534
6410801,-1.6332852581446144,0.7623602629901486
7909819,1.234961921440681,-0.28584690778168625
7859688,-0.5375461625466753,-2.4708907595088094
8550355,-0.5758835025023763,-0.33200553719512443
6988425,0.3055931628649813,-0.5822833752141315
7844632,-1.7901518259507216,-0.9182823706754939
9092209,0.3653550374637788,-0.23886682208468707
7304358,-0.18077574049144696,-0.27061434622921343
426412,0.7817927886783997,-0.14796168695797488
9552207,0.8931829499098545,0.5735579527242601
1407491,1.946500741189157,0.6181544996620694
2346358,0.8139535333663038,-0.273484692807168
6143610,1.8568384609092328,1.9279388433838553
5718598,-1.395079476149634,0.5575420995500152
5019230,-0.3249129501749949,-0.8468897648347209
9860605,0.383329538555203,-0.7081212746564463
6054531,0.09109189455839224,-0.18587353705846818
8087814,1.0478618893823908,1.5740136316552202
8980261,0.6668983372372622,1.295745905764742
211250,-1.3807275075705108,-0.23794097365984254
9709422,-0.1167386552871406,-0.4612136246068318
3082919,0.621704850290736,-0.075187053708682
1153912,1.2512361953960984,-0.8486780217229581
5728746,0.3772750140575535,1.009724216387499
2530509,0.4652892580585084,-0.208995986339988
5862943,2.6656844559749993,-0.8347728915204794
4615686,-1.133945647832393,0.0896485163290244
2265723,-2.079850878667868,-0.49809270302284986
790730,1.151030365878769,-1.5113441171128508
8436030,0.5738329889698539,1.8142318983528272
5318924,-0.2092222446665982,-0.9181213873861953
413803,0.7280374183350478,-1.0196307734635308
3759872,1.272571840371512,-1.4218151896941744
4071586,0.536641958997808,0.040476758763712234
7520088,-0.5372273615546656,-0.12792629753847373
431876,0.8898120811036242,1.500074955966439
239328,-1.3408573245801276,0.6073963019423043
2580271,2.135430030176385,0.567976280173195
3770370,1.0188335569754798,0.32090477303035164
7296190,-0.7315916013329523,0.6876094947362714
8057812,0.17407326499074105,0.6849675707285802
4642895,0.7088858556059421,0.8807501961625125
8764032,1.554049516272518,-0.14032539291038426
5496781,-1.1558596621077526,-0.21703646737297536
8508858,-0.24238265083420454,0.9011832846804231
859445,-1.12895621482673,0.6851377575180692
1499275,1.6464750741642566,1.1478779800297805
753245,0.723268438492866,-1.1585800132202626
9316360,3.81307819588921,-0.27447296976214747
6878279,-0.2859336180693095,-0.3196885902886553
4933519,0.2008144849992968,0.6227831977324171
5939949,-0.08211976888507544,0.042303546347738315
4068824,-0.9695426254132202,0.3013984916371327
8908523,0.1787508912076383,0.30654941209563846
615570,-0.6538652831183577,0.26004879332989356
652446,0.9538059851358561,-0.20497384735151142
3858030,0.08474233208438635,-0.7011174319163315
665350,0.38788213220991064,-0.418811831442161
8009112,0.5623770691715068,-0.3984181456052181
8663325,0.3267446190791802,-0.18219165688979427
7402967,0.4322283389094093,-0.6173939667701482
8109493,-2.4777943027036913,-0.8827044604277197
1020560,-0.13395752812472914,0.34083652158478567
6801905,-1.1531338164486533,-0.4627841839048099
6513571,0.9913892754747059,-0.19731219381584902
9897805,0.6111794405675315,3.3261595463298628
836731,-0.3153990933837583,-0.9867895113417064
5088452,0.46652494093158814,-0.32004696132466987
1815043,0.4302767367858557,-0.042326925248362575
3294521,2.286011661906093,-0.17217324149175942
8578039,0.2906846864221424,-2.7612837353517095
2632868,0.2594885188132001,-0.43665458211090147
461864,-0.3741038794105789,-0.19036897760607824
8820975,1.6882310948136434,-1.1684991987495144
453504,1.1140363654341967,-1.3379837652960778
5115441,0.9109009561439138,-0.5065212520015517
2607893,0.3252795608260772,0.23584146897778602
8252090,2.5551596307832405,1.094503629363045
9953380,0.2972374664281419,0.16901470091181325
7097031,-0.9763914074968563,0.7724853988329669
6443251,-1.333914821586837,1.06249629444616
1240407,0.4774716642097007,1.0529705279291688
2600994,-1.6080835423834248,-0.6830181822317861
1507478,0.34022954285634155,-0.002395655972765084
8877868,-0.5931932040561875,-0.48741326146586594
3812286,-0.21493752967088625,0.6205506005517035
1441933,2.410275639927315,-0.3781287469278943
1659338,-0.21948729954561766,0.7152124548698958
318230,-2.1439365410941305,1.8026457327189025
8194346,0.2492522780612181,0.7046524505069978
6449064,-0.054486039699776,-1.9593922703507047
2684031,-0.008216686671289155,-0.3221357253027542
58205,1.0291282712407999,0.36407572181929365
4269065,-0.3828898160060906,1.6843276842058008
611181,-0.02441472723552487,-0.9181585361200233
5192360,-0.20768408028368815,-0.08378855327209156
3530698,1.033545154414809,1.1074396054710007
3389480,-0.41677087889772535,-0.905037966655321
1575683,1.0253559346297731,1.3056741510895469
2632747,1.2843246101952213,1.2465029785561483
7623912,-1.4223157535331925,-0.9342610295861212
140997,0.4794329966127095,-0.5250033537253945
675480,0.5232405711092262,-0.7066740724545845
2310133,-0.39445596718340115,-1.79763118372729
7260539,0.7257756378056939,-0.23058675089632788
5489837,0.11502560435517016,0.8634588005320011
6175588,1.1709637280838803,3.3431299077579384
9172714,0.05941289044930911,0.5652742244320027
2296424,0.5502596364955707,-0.5916936271568326
5632538,-0.9113459852449723,-1.0363045993742739
3284802,-0.5204944871491698,0.29546897862805327
8877285,2.6747706099637765,-1.2227600335002244
4676180,0.8847674278630158,-1.3900928473088294
4226724,-0.4327542871116019,0.040962183502377555
8895707,-1.4752005806931137,0.8888002608261751
3227010,2.40847418052516,-0.14832674782067634
3864245,-0.6053824594711089,-0.12639913871427857
1569716,-0.09367762098591097,-1.3541223369039839
3407187,0.773973887771936,0.021253570900926246
2773052,-1.3654636148901713,-0.2985662847869504
6027153,1.2454452215887388,-1.370173400787103
6696760,2.9839411517352303,0.49343939222114797
8683065,-0.05383503980823349,0.6808946722031674
2158988,0.5055000511913429,-0.2536051456453096
1683192,-0.958934222934097,0.3764619251333587
992563,1.2129143694870301,-0.018251287311022883
6084672,-0.6809585986135612,0.44896654487013626
8335766,1.0785909390448476,1.0745493203035124
5180230,0.15779532480461295,-1.2500840859695097
5065246,1.1716134838103045,0.2412994630087153
3595530,0.3060976242538582,1.4339261421323752
7926642,0.181258979825256,-0.425814402574598
827303,0.2492935146943569,1.1391280195430766
1503532,-0.4658877289433062,-0.29000021012610433
2968578,1.9136329586020342,0.4773042642387147
5810549,1.991073416637399,-0.4580358318854122
7795710,-1.3443946374180575,0.24831273727242745
5787919,-0.1265118936603127,-0.4937595497129055
1807912,0.5694843020258847,-0.39967347916504187
656437,0.8858606944085107,0.581172629700355
3138346,1.2048136080841072,1.0001821331997494
5341662,0.9073842463698556,1.2631684154451241
6652994,-1.108683286351877,0.8209860943017985
6033618,-0.9479346847181415,1.9614717448439227
2610715,1.0929805559752495,0.5456897670589433
4753602,1.9127888308352028,-0.7268913253239292
5587891,0.25707926582851875,-0.5588700595070557
5452272,-2.6070700216299687,-1.033950880399387
5832612,-0.3942941801729977,0.7214079595750209
3941705,-0.8920698405266253,-1.1101305149585357
2471926,1.6049444794772165,0.9208757493737402
3582430,-0.4719019252344575,-0.6677307963554255
8818225,-0.5064873101280528,0.7687611953623398
4058367,0.06633004888912845,-0.09074020792893787
2332070,0.16293060437698523,1.452780483047715
7898272,-0.31552119880563223,-0.23365965854302598
4229981,0.052490124383535904,0.49328834777458425
5485963,0.6477970722585701,0.24974188002001432
7254993,-0.30701737475260377,-1.5161156615481155
179268,-0.10115320011805809,-0.7884731327880038
470088,-0.25509144547723367,-0.6151463340585316
5267470,-1.8127127804757779,-0.7852163314113589
4121389,-1.2036209424163202,-0.3441177135907237
9558809,1.4855989690577613,0.7556298813378101
164947,-1.5278981459919148,-1.0052421827445779
6074999,0.4118781537639681,-1.2364704636314678
3152450,-0.6566367906685693,-0.12235280542503658
3439118,-2.110574596986287,-0.21433191485917258
6567093,0.04892148789881186,-0.5523063049743142
7810301,0.9387798765011763,-1.083490075440086
3480112,0.3622555472581617,-0.4984218109156452
514077,-0.2688712237398572,0.7470053243285989
4083379,-2.0842080959369254,-1.1550704081557785
2205509,0.10165954430328747,2.8257395361748485
5960469,1.6881473776313998,1.9716971887046688
6620376,-1.3739035868297016,0.1265546650812835
7637664,-0.22728597547007612,0.8298870308543407
8111222,-1.123050538405695,1.3404020602247992
4955709,1.5344581778328623,-0.3257317155800506
5336308,-0.9138506708791012,-0.21956610773507784
6143662,-1.2501371125104208,0.10589885645739053
7204569,2.4991538999010667,0.7312792390458932
4034105,-0.5716259374104409,-1.682223087915885
6758002,-1.6092762604139603,-0.16362596367058338
127720,-0.9405972082646629,0.2670125782559744
5162764,-0.9210211374122232,-0.6533258125950454
7215925,2.52966391045596,-0.2990269395879887
5538702,-0.04264072462227356,-1.0016579759443198
3224257,-0.06478500633084658,0.5486577868601441
6526598,-1.0768480476147482,0.7135841365371858
7444308,0.6296532260429466,-0.19919272777817598
6912430,1.206081915498944,-0.8103005548936744
5645067,1.409293159767958,-1.2072145237186833
9968161,-0.1637092844558964,1.1379155743136682
4229551,-0.7431490589993702,0.18076889331293772
8489674,0.9356121312509507,-1.4890909870406042
6667846,-0.5863990890968551,-0.2860445991804035
5868432,0.6733331878312165,-0.23351437925692994
6613752,-1.3558071090999708,-2.091347301996358
5597812,-2.382429135874605,0.01709307111104746
600776,-0.22046518469509824,-1.1221347962998773
3402828,-1.0557444454162128,0.7632490515748455
5577709,0.6571623569780496,-1.2507646435937645
3031348,-1.2386216886940657,-0.7844857794928548
4023897,-0.7387368873470784,-1.6942784542337364
1848886,-1.1626371542350906,-0.13633951670354325
8395554,0.8756250316162468,-0.2148489504170131
406553,-0.11192467598183355,-0.9605223265246391
6438776,-0.5998718975906397,-0.06670648865492486
3623594,0.8208919111172659,0.7919750139072261
9452300,-1.0145483664026578,0.7841001372496975
1222344,1.1914467608769168,-2.855521531596611
6764865,1.2099758397323612,0.48206318003057197
4014526,0.590882224254219,1.0887502136215756
9267023,-0.9139296654424136,0.8623271413460407
4822362,0.9504231031988827,0.4446504437072539
5340481,0.27765034913806924,-0.44950148302639653
1321532,0.012437305445174787,-1.4526814890167725
58783,1.5032778123172907,1.008774583137924
7510290,0.20131578703426303,-1.0187686091119725
8035692,-0.5768424400788367,1.5637341525752106
133663,-1.01318448119571,-1.6694671349608936
6008473,-0.37925799882406924,-0.45570882422197023
4604767,0.7023667123209204,0.38484976251492514
6559146,-0.02380800102197457,0.132767925653012
9079584,-1.6635912135352453,-1.95990054232082
8739213,-0.14335188597450121,-1.672100140110648
6786826,-0.026069641337274074,0.5167426663730549
3071851,-1.5349590133940632,0.006607439972871805
3924963,-1.075101747517186,-1.0186244964974631
594257,0.9457769997562329,1.2132490488210168
8086382,-1.0286389399948723,-0.41590516602257754
422696,-0.8971859717719902,-1.3144706786608307
6137506,-0.9208067391153085,-0.8265856707936413
633058,1.3743057959894713,1.1816526339947315
5109997,-1.464372711803389,0.0762176559576486
3495389,-0.9271627744259485,0.6290101387152003
8228911,0.7344572371200715,-0.3988286703936614
5470084,0.3392042650279341,-1.369418867670804
9852517,0.7529633055970775,2.067076566221675
845717,2.2283546416762974,0.9212046176184732
1505029,0.5170672412498788,-0.07119856515362406
6162305,1.0598353392480577,-0.2947424104365984
807394,0.8745391697879511,-0.5883519776435682
5196387,1.067831620734646,-1.6165271288995582
932143,0.24215927394007006,0.16685104282659086
3151943,-0.2159202068637266,-0.857753764184036
5630633,-2.0338053419863518,0.16709867668787648
480348,0.816071604552033,0.03303295121056396
2341186,0.39949050261548175,0.29055007399572513
5505153,0.1448022038185282,-2.809431514297723
4738089,0.7304126301759328,0.8362210866411482
8527850,-0.4778056044898817,1.412560566028314
9495720,-0.3555495067995419,0.6472307636159709
3102814,1.5473279674367693,0.444626395228289
6266008,1.771269316804689,-0.2779223518729047
5248390,-0.6600424583057222,0.08357636651378336
1759126,1.8479703118531152,-0.09780056838565207
1028857,-0.38330641852774505,-0.7100279123671193
6640581,-0.24275577753910316,0.42177909154028875
2093919,0.3359258234423143,0.9022983101658436
6764279,-1.2722803355795818,0.6469290367061074
7901832,0.7515875040438512,-0.27904489837875274
9618910,-0.8406752745412183,0.5274703635986092
7588122,-0.37042734545530887,-2.0400399059147984
2499815,0.15640657380644774,-1.5289396746628525
6196419,0.7270946580532746,0.35927962505690986
918708,0.28507897750256456,-0.6514694553598998
7206642,0.10588236313415626,-0.42345802894504087
5822864,-0.4390616561960435,-0.5381587579430663
9251506,0.7963180383622435,0.05480890460017134
8996667,0.04790573142713585,0.6196467627037012
6866812,-1.751135308117986,0.8948529081156212
1963725,-1.146932588508093,1.4522772504089585
9235244,1.1154540772393662,0.08905088480669357
2995031,0.6551219843476739,-0.31109483184136477
1975085,-0.09202434532228165,-0.24715201577566692
2926051,-1.8787546026765292,-1.785641158336105
3689640,-0.32934266363640347,-1.2266078948485226
8018533,1.5651781431860408,-0.3519912719031079
5714747,1.6451289121007906,-0.9831548995746004
8629338,0.19614228979682266,-1.306602165674148
5893728,-0.21385233568483997,-0.3010392635992513
6492405,1.547915481386472,-0.2297771581789398
9633520,0.1678114612421092,-0.4295155791919931
2653004,0.44424127149072096,1.922297735268383
6323019,-0.23561800299648294,-0.5720663396515205
3211056,0.49459814672382285,-0.5419439612796877
8019777,-0.8700700579067893,0.009751359447199843
7675967,0.7268736039027116,0.26077613134717964
3902963,1.5006035633416763,-0.11956602729683745
7928153,1.4866285999857751,-0.15941027747603967
2324280,-0.04314830389917776,-2.040020224361881
6391732,0.946424158338546,0.3303918443171156
8638295,0.5041118366499993,0.7723557546264794
6012380,-0.9690069308868423,0.6213649216077305
7346709,-0.5602448800801599,0.9938756275439264
9983514,-0.28772315753828426,-1.1395912804897113
7865392,-0.7099773628054875,0.508533510457356
9144305,0.05693760342868112,1.4988588679193338e-05
2614808,1.3386311674903992,-1.1864827689824615
8472602,-0.5978989650863136,0.03241733294697647
1018352,1.4828748790179187,-0.5439734395097828
4621090,-0.6902170707506982,2.1418153621348437
8310018,-0.14074397557467117,0.5236830218883403
4671087,-0.7154314686725787,-0.6256346263556435
9180976,1.0218820246319456,-0.51104173232067
3439160,-0.1410874128608147,-0.21253239112220748
1632570,-0.42739442751272216,0.547407064679934
482987,0.08040480701396628,-1.4841039614113367
7661542,0.8541068983199882,-1.3837506902802639
9032209,-0.46315914482284926,-0.18331317121018634
4754586,-0.267696660901402,-1.5987941064477729
6738717,-1.5922782103636082,0.6730784400052268
2694885,0.2210513458112565,0.3341072134707311
5091694,2.060443831539939,0.8952257125110519
8510415,-0.926918024894493,-1.1249966099741924
1750189,-0.5703073314870374,0.494280039186041
6551533,-0.5728030374557066,-0.8034746579821017
9747650,-0.10349864497562211,0.8941598615688036
8624525,-1.1182400440143587,1.2426059105667553
1284516,-2.3002203498189755,1.310048071946128
9292889,0.4445805838471014,0.23241782673793432
6818804,2.2779918879454177,0.9306415047784757
9329342,0.16134292508136505,-0.9761587150990761
9640690,-0.2869693629799212,1.8694725136405528
6747186,-0.12584507403692527,1.0616319608951699
4877908,1.6466312043592137,-1.239764966751453
9819612,0.5787747310359539,0.27692632160541286
427740,-0.740228605272548,-1.0478990164892743
5829736,1.2925965376547546,-0.8020942851448071
1679869,-1.3856036356826664,0.13674254428239527
3936016,-0.8082439393302794,1.3036523169934866
9426623,-0.13832556885399078,-1.014284630762901
2323961,-0.49399841562127084,-1.3248326989340784
9261990,0.6664019002519944,1.346457131022981
616450,0.607162613716214,-0.5486202486782935
7924608,1.4931836092644184,-0.04800513826398865
7898269,0.059728961947992695,-0.5957123811291398
3068553,-0.1443872317291865,0.5151135392527463
9555241,0.8011746697751543,-0.26252451536272875
1935091,-0.7435753771810321,-0.6487315046557175
1412229,0.0025320915575402156,-1.7704128640004317
9817652,-0.6549420904139517,-0.21775197788823486
2506163,-0.44291851107054064,-0.7027163274936311
9877859,0.12114797524945922,-0.911773790279668
4967827,0.45461868842648556,0.0227052412475324
5838066,-0.6896024549011347,0.716786593859068
